
-- id INTEGER PRIMARY KEY,
-- title text,
-- category text,
-- funding_goal integer,
-- start_date text,
-- end_date text


insert into projects values (1, "Project 1","Tech",5000,"01-Jan-2018","01-Feb-2018");
insert into projects values (2, "Project 2","Tech",5000,"01-Jan-2018","01-Feb-2018");
insert into projects values (3, "Project 3","Tech",5000,"01-Jan-2018","01-Feb-2018");
insert into projects values (4, "Project 4","Tech",5000,"01-Jan-2018","01-Feb-2018");
insert into projects values (5, "Project 5","Tech",5000,"01-Jan-2018","01-Feb-2018");
insert into projects values (6, "Project 6","Tech",5000,"01-Jan-2018","01-Feb-2018");
insert into projects values (7, "Project 7","Tech",5000,"01-Jan-2018","01-Feb-2018");
insert into projects values (8, "Project 8","Tech",5000,"01-Jan-2018","01-Feb-2018");
insert into projects values (9, "Project 9","Tech",5000,"01-Jan-2018","01-Feb-2018");
insert into projects values (10, "Project 10","Tech",5000,"01-Jan-2018","01-Feb-2018");

-- id INTEGER PRIMARY KEY,
-- name text,
-- age integer

insert into users values (1,"user 1",21);
insert into users values (2,"user 2",21);
insert into users values (3,"user 3",21);
insert into users values (4,"user 4",21);
insert into users values (5,"user 5",21);
insert into users values (6,"user 6",21);
insert into users values (7,"user 7",21);
insert into users values (8,"user 8",21);
insert into users values (9,"user 9",21);
insert into users values (10,"user 10",21);
insert into users values (11,"user 11",21);
insert into users values (12,"user 12",21);
insert into users values (13,"user 13",21);
insert into users values (14,"user 14",21);
insert into users values (15,"user 15",21);
insert into users values (16,"user 16",21);
insert into users values (17,"user 17",21);
insert into users values (18,"user 18",21);
insert into users values (19,"user 19",21);
insert into users values (20,"user 20",21);




  -- id INTEGER PRIMARY KEY,
  -- user_id integer,
  -- amount integer,
  -- project_id integer

  insert into pledges (user_id, amount, project_id) values (1,5,1) ;
  insert into pledges (user_id, amount, project_id) values (2,5,2) ;
  insert into pledges (user_id, amount, project_id) values (3,5,3) ;
  insert into pledges (user_id, amount, project_id) values (4,5,4) ;
  insert into pledges (user_id, amount, project_id) values (5,5,5) ;
  insert into pledges (user_id, amount, project_id) values (6,5,6) ;
  insert into pledges (user_id, amount, project_id) values (7,5,7) ;
  insert into pledges (user_id, amount, project_id) values (8,5,8) ;
  insert into pledges (user_id, amount, project_id) values (9,5,9) ;
  insert into pledges (user_id, amount, project_id) values (10,5,10) ;
  insert into pledges (user_id, amount, project_id) values (11,5,1) ;
  insert into pledges (user_id, amount, project_id) values (12,5,2) ;
  insert into pledges (user_id, amount, project_id) values (13,5,3) ;
  insert into pledges (user_id, amount, project_id) values (14,5,4) ;
  insert into pledges (user_id, amount, project_id) values (15,5,5) ;
  insert into pledges (user_id, amount, project_id) values (16,5,6) ;
  insert into pledges (user_id, amount, project_id) values (17,5,7) ;
  insert into pledges (user_id, amount, project_id) values (18,5,8) ;
  insert into pledges (user_id, amount, project_id) values (19,5,9) ;
  insert into pledges (user_id, amount, project_id) values (20,5,10) ;
  insert into pledges (user_id, amount, project_id) values (11,5,1) ;
  insert into pledges (user_id, amount, project_id) values (12,5,2) ;
  insert into pledges (user_id, amount, project_id) values (13,5,3) ;
  insert into pledges (user_id, amount, project_id) values (14,5,4) ;
  insert into pledges (user_id, amount, project_id) values (15,5,5) ;
  insert into pledges (user_id, amount, project_id) values (16,5,6) ;
  insert into pledges (user_id, amount, project_id) values (17,5,7) ;
  insert into pledges (user_id, amount, project_id) values (18,5,8) ;
  insert into pledges (user_id, amount, project_id) values (19,5,9) ;
  insert into pledges (user_id, amount, project_id) values (20,5,10) ;
